tribeca_lat,tribeca_lon
40.717244, -74.013042
40.714187, -74.006304
40.719402, -74.001876
40.725818, -74.011191
